Rank,Class ID,Class Name,GT Instances,AP@50 (PR-Curve),AP@50-95 (PR-Curve),Delta from Mean mAP@50,Performance Tier,Best F1,Best Confidence Threshold,Precision @ Best F1,Recall @ Best F1,TP @ Best F1,FP @ Best F1,FN @ Best F1
1,3,car,14064,0.8282,0.5852,+0.3947,Strong,0.8061,0.34,0.8535,0.7637,10741,1843,3323
2,8,bus,251,0.5876,0.4396,+0.1541,Strong,0.6161,0.26,0.7602,0.5179,130,41,121
3,0,pedestrian,8844,0.5206,0.2536,+0.0871,Strong,0.5528,0.28,0.6550,0.4782,4229,2227,4615
4,9,motor,4886,0.5004,0.2308,+0.0669,Strong,0.5419,0.20,0.5851,0.5047,2466,1749,2420
5,4,van,1975,0.4879,0.3517,+0.0544,Medium,0.5194,0.26,0.5783,0.4714,931,679,1044
6,5,truck,750,0.3950,0.2791,-0.0385,Medium,0.4657,0.28,0.5521,0.4027,302,245,448
7,1,people,5125,0.3756,0.1544,-0.0579,Medium,0.4544,0.10,0.4753,0.4353,2231,2463,2894
8,6,tricycle,1045,0.3037,0.1752,-0.1298,Critical Weak,0.3977,0.08,0.4002,0.3952,413,619,632
9,2,bicycle,1287,0.1728,0.0860,-0.2607,Critical Weak,0.2493,0.22,0.3234,0.2028,261,546,1026
10,7,awning-tricycle,532,0.1629,0.1097,-0.2706,Critical Weak,0.2780,0.14,0.3129,0.2500,133,292,399
