Rank,Class ID,Class Name,AP@50,AP@50-95,Precision,Recall,F1-Score,GT Instances,True Positives (TP),False Positives (FP),False Negatives (FN),Predictions Count,mAP@50 Deficit
1,3,car,0.8282,0.5852,0.3336,0.9027,0.4872,14064,12696,25358,1368,38054,-0.3947
2,8,bus,0.5876,0.4396,0.1421,0.7092,0.2367,251,178,1075,73,1253,-0.1541
3,0,pedestrian,0.5206,0.2536,0.1534,0.7086,0.2523,8844,6267,34575,2577,40842,-0.0871
4,9,motor,0.5004,0.2308,0.1553,0.7587,0.2578,4886,3707,20169,1179,23876,-0.0669
5,4,van,0.4879,0.3517,0.1187,0.7843,0.2063,1975,1549,11496,426,13045,-0.0544
6,5,truck,0.3950,0.2791,0.1008,0.6493,0.1745,750,487,4346,263,4833,0.0385
7,1,people,0.3756,0.1544,0.1807,0.5655,0.2739,5125,2898,13137,2227,16035,0.0579
8,6,tricycle,0.3037,0.1752,0.1672,0.5407,0.2554,1045,565,2814,480,3379,0.1298
9,2,bicycle,0.1728,0.0860,0.0492,0.4887,0.0895,1287,629,12147,658,12776,0.2607
10,7,awning-tricycle,0.1629,0.1097,0.1125,0.4549,0.1804,532,242,1909,290,2151,0.2706
