Class ID,Class Name,Training Instances,Training Share %,Validation Instances,Validation Share %,AP@50,Representation Tier
0,pedestrian,79337,23.12%,8844,22.82%,0.5206,High
1,people,27059,7.88%,5125,13.22%,0.3756,High
2,bicycle,10480,3.05%,1287,3.32%,0.1728,Moderate
3,car,144867,42.21%,14064,36.29%,0.8282,High
4,van,24956,7.27%,1975,5.10%,0.4879,Moderate
5,truck,12875,3.75%,750,1.94%,0.3950,Severely Underrepresented
6,tricycle,4812,1.40%,1045,2.70%,0.3037,Moderate
7,awning-tricycle,3246,0.95%,532,1.37%,0.1629,Severely Underrepresented
8,bus,5926,1.73%,251,0.65%,0.5876,Severely Underrepresented
9,motor,29647,8.64%,4886,12.61%,0.5004,High
