GT Class \ Predicted Class,pedestrian,people,bicycle,car,van,truck,tricycle,awning-tricycle,bus,motor,Background (Missed FN)
pedestrian,5905,303,34,22,1,0,3,0,0,178,2398
people,1097,1974,58,2,0,0,3,0,0,423,1568
bicycle,142,27,362,4,1,1,2,0,0,264,484
car,14,4,1,12370,333,50,3,21,3,19,1246
van,0,0,0,868,853,58,1,8,5,1,181
truck,0,0,0,162,49,372,4,8,12,0,143
tricycle,32,12,20,143,2,21,311,63,0,188,253
awning-tricycle,5,1,3,123,18,18,64,105,0,57,138
bus,0,0,0,21,10,42,0,0,127,0,51
motor,482,167,279,35,1,0,23,1,0,2998,900
Background (Clutter FP),33165,13547,12019,24304,11777,4271,2965,1945,1106,19748,0
