Class Name,Confidence Threshold,Precision,Recall,F1-Score,TP,FP,FN
pedestrian,0.10,0.3458,0.6327,0.4472,5596,10585,3248
pedestrian,0.20,0.5279,0.5413,0.5345,4787,4281,4057
pedestrian,0.30,0.6839,0.4628,0.5520,4093,1892,4751
pedestrian,0.40,0.7882,0.3913,0.5230,3461,930,5383
pedestrian,0.50,0.8653,0.3159,0.4629,2794,435,6050
people,0.10,0.4753,0.4353,0.4544,2231,2463,2894
people,0.20,0.6543,0.3280,0.4370,1681,888,3444
people,0.30,0.7656,0.2556,0.3833,1310,401,3815
people,0.40,0.8296,0.1861,0.3041,954,196,4171
people,0.50,0.8724,0.1241,0.2173,636,93,4489
bicycle,0.10,0.1815,0.3007,0.2264,387,1745,900
bicycle,0.20,0.2959,0.2106,0.2460,271,645,1016
bicycle,0.30,0.4078,0.1616,0.2315,208,302,1079
bicycle,0.40,0.5547,0.1181,0.1947,152,122,1135
bicycle,0.50,0.6478,0.0800,0.1425,103,56,1184
car,0.10,0.5921,0.8718,0.7052,12261,8446,1803
car,0.20,0.7369,0.8321,0.7816,11702,4179,2362
car,0.30,0.8251,0.7831,0.8035,11013,2334,3051
car,0.40,0.8853,0.7329,0.8019,10307,1335,3757
car,0.50,0.9225,0.6760,0.7802,9507,799,4557
van,0.10,0.3453,0.5990,0.4381,1183,2243,792
van,0.20,0.5114,0.5099,0.5106,1007,962,968
van,0.30,0.6157,0.4446,0.5163,878,548,1097
van,0.40,0.6982,0.4030,0.5111,796,344,1179
van,0.50,0.7447,0.3575,0.4831,706,242,1269
truck,0.10,0.3173,0.5000,0.3882,375,807,375
truck,0.20,0.4648,0.4320,0.4478,324,373,426
truck,0.30,0.5662,0.3933,0.4642,295,226,455
truck,0.40,0.6527,0.3533,0.4585,265,141,485
truck,0.50,0.7256,0.3067,0.4311,230,87,520
tricycle,0.10,0.4388,0.3569,0.3937,373,477,672
tricycle,0.20,0.5648,0.2459,0.3427,257,198,788
tricycle,0.30,0.6856,0.1962,0.3051,205,94,840
tricycle,0.40,0.7413,0.1426,0.2392,149,52,896
tricycle,0.50,0.7794,0.1014,0.1795,106,30,939
awning-tricycle,0.10,0.2582,0.2820,0.2695,150,431,382
awning-tricycle,0.20,0.3711,0.2030,0.2625,108,183,424
awning-tricycle,0.30,0.4190,0.1410,0.2110,75,104,457
awning-tricycle,0.40,0.5044,0.1071,0.1767,57,56,475
awning-tricycle,0.50,0.5616,0.0771,0.1355,41,32,491
bus,0.10,0.5300,0.5976,0.5618,150,133,101
bus,0.20,0.6872,0.5339,0.6009,134,61,117
bus,0.30,0.8013,0.4980,0.6143,125,31,126
bus,0.40,0.8310,0.4701,0.6005,118,24,133
bus,0.50,0.8843,0.4263,0.5753,107,14,144
motor,0.10,0.3918,0.6263,0.4820,3060,4750,1826
motor,0.20,0.5851,0.5047,0.5419,2466,1749,2420
motor,0.30,0.7056,0.4042,0.5140,1975,824,2911
motor,0.40,0.7860,0.2992,0.4334,1462,398,3424
motor,0.50,0.8503,0.2034,0.3283,994,175,3892
